"4,0.9,0.2,0.2"
-0.00019021523128464425
0.00019076118291853303
0.0005551005897750363
-0.000623522973791409
0.0001803629927230212
2.4487883450119657e-06
0.0003162216119888009
-0.0025547153487754295
0.00025256305446953015
-0.002324362732600528
0.00010745436962266711
-6.486717923352654e-05
-0.0017632667767495636
0.00021418166016747462
3.1831082336052107e-06
-0.00015691710556188843
8.478190782663713e-05
-0.00035013522640413514
-5.849614887891961e-05
0.0006318116529615387
0.00032329136334498736
-0.0005909802245710184
0.0005359767382571892
-0.0008487134991199716
-0.00027590361796192835
4.097874971777449e-05
0.0005608034657459621
6.485656826409056e-05
-5.919663657856416e-05
2.9395205103425115e-05
-4.9718176133168354e-05
-0.0010567087469457307
0.0003457519722517919
0.00012915437551338477
0.0005107446615315497
0.00029595536200879445
0.00016821151574188792
-9.72808317141457e-05
0.0001507763819170481
4.093705500785884e-05
0.0001939354461503305
0.00010547118765699932
-0.0005746822476995167
-5.561536452019508e-06
-0.0008150049612884029
-0.0001228601545747921
8.724766804545233e-05
-0.000524953093571444
-0.00013101003169209996
0.00035967337356239084
0.0005032036538292687
0.00013187869887023606
0.00014190951458384105
0.0002644753190747558
0.00027612126538735255
0.00023274224905104712
0.00037202217921382033
0.0002757257040242665
0.00022599535370018876
1.48299365752284e-05
0.00019260297859782059
0.0005794912943868024
4.9319174567593054e-05
-0.0005633120906694326
0.0002369627004422507
0.0001120930277432941
-0.003444256090998691
5.2768797903387534e-05
0.00029783792043011766
0.00022502547184494374
7.481029273435799e-05
-0.0003034735752339882
3.2855807118656506e-05
0.00015032659426331276
3.901871370078769e-05
0.000343106693354762
0.00013146289759277384
0.00014363321704438883
0.00029472390225217325
2.5271381928280176e-05
-0.0006511156107548871
9.09441850457491e-05
-0.00027644882912112115
6.697019608061948e-05
0.00038742459721247867
-5.5527299092070296e-05
0.00038484848507560184
-0.0004356597441912589
0.000470515899142586
0.00024318519825492827
2.7513766418300642e-05
-0.000325395447333451
-0.00015769632403407917
-0.00025781911354901796
0.00029615637742063685
0.0003543807461102652
0.0002249561260564155
0.0002046345235139484
-0.00024963031438396345
0.00021387928431185985
0.0004091278148160142
0.00013288088540593457
0.00010429224255114852
0.0001848112777674437
0.0006088285135158825
0.00043773371267901264
-0.0015241778484952262
0.0004685925011503197
-5.398063825562573e-05
6.050796583391817e-07
-0.0002537318596107869
0.00013175213893852622
0.000493259040486241
5.700573954836226e-05
-6.0277056736878344e-05
0.00023429194347689765
0.00022714420319749714
-0.001770840659568365
0.0004819270804513427
0.00034286269752075067
-0.000347866579471335
0.0002019351649323977
0.00040390973261574735
0.00030168054823737436
-4.421758062258307e-05
0.0002794139297445297
0.00015826867792943458
0.00042877470690420616
0.00016642417294835245
3.693416606211978e-05
0.00031887097429809344
-0.00011682214534833036
0.0005550494102385872
0.00018300425767492262
0.00019872986691500812
0.0002408556358164249
-2.090000630731114e-05
0.0001124014966159976
-1.345018756231014e-05
9.012470396085728e-05
0.00037391405686714927
8.841084126357836e-05
0.0006225009954181178
-0.0006291447481293874
0.0001054045979211593
0.0004354074788519559
0.000275331856869792
0.00027352545619944524
-0.0004147309211657281
1.761982469474798e-05
0.0004948504931612676
0.0009611906725051635
0.00025598667217238626
-8.695109517629695e-05
0.00010381483940008093
3.5342481385674976e-06
0.0002023924778993818
4.413532831025521e-05
-0.00010500011943007784
-0.00015119700072854211
0.00023816487624813315
0.00036636971063592745
0.00033314390268670505
-0.00015241063822125968
0.00033862500682487146
-0.00042401900788007754
0.00016423723365219202
0.00020133202519523682
0.0002511674488005332
0.00023949980431825187
8.484198166659976e-05
-0.0006084224032937571
0.00048343942392206326
-0.0005084875914121187
0.0004077527879098779
0.00015638813747032644
0.00019501838716283896
-0.00011717850061623725
5.675909814240821e-05
8.677907878713786e-05
-0.00014429761206220196
-0.00010768265959605405
-0.0026728730689197623
-0.0011304400116929083
-0.00035531151239129826
0.00014900132361925653
-0.0001801458863284748
-0.002063771443412279
0.00021680584521255314
-0.0001072781246547797
-0.0002515505678239719
0.00048462678214070533
-8.352996335303032e-05
0.0004059298388108051
0.00012169896278413828
3.290439865988315e-05
5.28914535642684e-05
-1.759945924798001e-05
-0.0009126583419260795
-0.0004624665554859573
-0.0015330010697286224
-0.000145865547190684
0.00022635544010741503
0.00031389129968983453
0.0003411521889591071
0.00040977710056298486
-0.0003815658862019025
9.61584320167991e-05
-0.00874761638637933
0.00043981988664759696
0.000311618615743156
0.0007035771126083707
4.379437437494532e-05
0.0005177907398553782
-4.4614771563561146e-05
-8.397060818551486e-05
0.00042800580361443527
-0.0013382467223976666
8.945445689480136e-05
0.00023910021063789416
0.00019938418381430342
0.00015362044879426782
-0.010943867537937932
-4.694876327350451e-05
0.00016668263497619394
-0.00013766942099325213
0.00019515758521403527
0.000186910101926817
3.025032596507514e-05
-0.0004398548209063292
-0.000211370955915499
2.891812782039439e-05
-0.00022721706453637604
-0.00020017303858821747
-0.0008167836250190397
0.0002560519644307954
-0.00011006826652783976
-0.001220361478071124
0.00019936504530256824
0.0002843631234795799
-0.00012746373608840163
0.0002596339557888212
0.0004588977412062228
-0.00041260631524867866
0.00020246568375021927
-0.00042418529301486724
0.00013234707013376425
-0.002094379143079469
-0.0003053701386192988
0.0003730722868879139
-0.0006198439605442767
0.000711945163303908
4.261549512571549e-05
0.00048691951876537136
0.0005966910846948763
0.00023179397031263715
0.00034127176587203645
8.042596936366485e-05
0.00019013865318584551
-0.0019842993995830708
4.597284864020333e-05
8.542217054535386e-05
0.00022116694518385728
0.0003651358823848636
0.00033672485875247044
0.00011573986408931682
3.126497681718067e-05
-0.00015868452071061707
-4.076951160347526e-06
0.00011176557184535964
0.0005383442605815634
0.00018731628500171272
5.0678104448108655e-05
2.2430312340390897e-05
8.418590891372119e-05
0.00010360436452562613
0.00011472311390143354
0.00010367101523073467
0.0005492958755877696
0.00042637243860098854
0.0002673500982639978
-7.891083203551589e-05
-0.0002610430472364207
-0.00024403558512126495
0.00033399856444140844
0.00022398718672807976
-0.00034205011203465563
-0.00817151366380746
-1.5672825989191075e-05
-8.792267479341471e-06
-0.00024307184203121063
0.00041177211888945826
-0.0014380827717006732
3.342992004036515e-05
0.00020565947625495514
0.00038082344817162055
0.00014863728391988106
-0.00020384010483803777
-0.0005080250837343927
-0.0004537877440011007
4.553284995633517e-05
5.90912369806021e-05
0.00030192713635771745
0.000264072374390594
0.00031607313205808836
1.9098094308289503e-05
0.00026499732301378623
-0.0018820588163662947
0.0005461957112699515
-0.00012017778928176038
0.00020073633399459475
-0.0007184256033369659
0.0002157539776534461
-0.00024176818739213887
0.00017088725239774167
3.319367655957146e-05
-8.575792988158471e-05
0.00025104585149661734
0.00013242779661851937
-0.00015068943308094366
-0.0002469322228725947
0.00018371983012622665
9.916288589457354e-05
9.892447204966471e-05
0.00016211534162937665
0.00029975996112226703
0.00016131915846327892
-0.0009175711107622642
-7.009573509398514e-05
-0.0003606915185233342
-0.00020432954018598657
6.139248836836562e-05
0.00011983933058460012
-0.00048406829509488433
0.0001963193755533929
-0.00016358405420967607
0.0005120168355144541
-0.00023713126900875675
0.000270106906704983
-0.0002019828469062759
-0.00021320131908975423
-0.0001501235805701938
0.00023042606077738862
-0.00013390852088526457
-3.145564967037918e-05
-4.713356173591509e-06
8.551925923479663e-05
-3.500971383021514e-05
-0.00014645463244209754
-0.0004276233868979794
0.00017156059921633995
0.0007931379037708233
-0.000531609387642308
0.00026581212105369716
0.00010994129493520305
-5.696260899452186e-05
0.00016543749222872858
0.0004969972920340036
1.3587036784062088e-05
8.354246734321872e-05
0.00023957372854118905
0.0004239343830353314
0.0001227978665112902
-1.2277565823499916e-05
0.0002586069751440404
-0.00019972912556253013
0.0002768179541458513
0.0003735382802525558
0.00012684324113149042
4.95002009668317e-05
-4.011873209727946e-05
-0.00040079130464155477
-0.0002566351301310307
0.0003773411304305044
0.0002583061069463323
0.0005169282381696979
0.0003194495157055391
0.00019901741339002453
-0.0005467900194243932
0.0002726029394279621
0.0001072152436743084
-7.786960431137928e-05
0.00025100989772038653
-1.6714992652072929e-06
0.0003110058228801098
-0.0008488643329577286
-0.00014916419890346542
-0.00023466636484534617
-0.00022898704587232994
9.241870301577595e-05
-0.0019223166711561097
1.925019311874789e-05
0.0002678361821592258
3.198270069710264e-05
3.956924852438994e-05
-4.590874701845417e-05
-0.00013032053635659183
-0.0001343463641213221
-0.000858403474951831
0.00017153937146861695
0.0001344769513964176
5.887712139450538e-05
0.0006616328702246764
0.0003337573000592477
-0.0003328755702029289
0.00037383251916517715
7.054301399758336e-05
0.0002327355166164717
-0.00015590421496073528
-6.228276972191735e-05
-0.00027652257367484154
0.00023171577788225743
0.00039304653404482077
0.00024509288728769734
0.0003494057721674693
0.0003830083300799895
-2.110422875097718e-05
9.913419994488978e-05
0.0003892602388267493
-0.0005396950957149568
-0.0001794402748126144
-0.00010780928304062913
-0.002063330120305925
0.00014014151691859494
4.911983884849628e-05
2.4009155418728146e-06
0.0004776249876953688
0.00021093177113721116
0.00027235752575097426
0.00046364188698687424
7.884120942766716e-05
-0.0002013802101168437
-0.0012935923632147357
0.0003130096386235198
-0.00034940801696528584
-0.0001882869967986715
0.0003567507369276583
0.0002501843765873233
0.00048219404768281687
-1.0564795257165475e-05
0.0003370646289413106
0.00017908273052824118
-0.0002744919469179427
-0.0006168988196869394
0.00040218379057582884
0.00028254122846000637
0.00041942784410511116
0.00012292692038310652
0.0002714701484538539
-0.00027312433026716206
-0.0005944349572030796
0.00038924291560444137
3.56718488205386e-05
4.266462656292867e-05
1.1361477061396966e-05
0.00012943812892609477
0.0003345680270498858
-0.00022758831261342143
0.00028790639058317007
-0.0003052066154237642
-0.0002817731059287706
0.000247214550980934
-0.00019904084582148842
0.0003212857890261654
0.0006084716475716973
0.00025487525732607267
0.0003404839758002539
0.0006669568161981025
6.462429720576165e-05
-5.5717152641106916e-05
0.00033628384975880005
1.0051811499023052e-05
5.2354331360549765e-05
-0.00045490244849037155
-0.00023949373718134737
2.5061336978274802e-05
0.00014545133866311383
-0.0004231902696525091
0.0002809504850658374
0.00016623972139188806
-0.00040594163595642505
0.00013700164920529606
4.046062776411383e-05
2.403488231393462e-06
0.00023932337092657805
0.0001900435375471303
0.00019318937584503884
-5.5711851443502396e-05
0.00022774493924833627
0.0002878892273385506
0.00036587788532396715
-6.645558264102783e-05
0.0004595266404442468
9.85591788147719e-05
-1.8156569198480416e-05
-0.00019771337747112117
-0.00032130650789904996
0.00039505832675623676
0.00038923458685577884
0.0005183952037871979
-1.4567766280485569e-05
0.0001783664099587566
-0.00017557001619943389
0.0002072935263464134
0.0003184794096917302
2.195006730980548e-05
-0.0015863079158079992
0.0006970966173631262
-7.2137865069593e-05
-0.0003915180726733245
0.00026371159761326207
0.0005073153343857491
0.0003259504367803686
-0.0001826505087935465
0.0002635781761505962
0.0003700266347964414
0.00011161552314362152
-0.00020395031454357846
0.00028434329196038897
5.270399772238106e-05
0.00011152452365677594
-0.00037041373442955677
0.00011227074379328291
-0.00016049253749351203
0.0005745341767930115
0.0003853286251951568
0.0002544656858962719
-6.704589356088902e-05
-0.00019777337529892209
-0.00023918908066215694
0.00031236004886591275
-4.600361032965902e-05
2.6218652410612322e-05
0.00023617828330454256
0.0002090548489224028
0.0002938883284841882
6.155505199546509e-05
0.0003826911762986252
0.00035946818779216983
-0.0006383602708199361
0.00031668744180186296
0.0006576257170610338
0.00020346342348827515
0.0001700552577829409
7.397153529351268e-05
-0.0009244970876772982
-0.0015806735131805134
0.0002322480556788612
0.0002701841391262256
1.4020791952185828e-05
4.633994805409324e-05
0.0003338301487214785
0.000302240905829582
0.0002486406277839633
-5.024635197969294e-06
-0.00019160882259292678
0.0002723741748404503
3.8490758960031316e-05
-6.679447925459828e-05
5.7619047733833425e-05
-0.0028513684597985408
0.00022425145890488552
0.0003916334798181073
0.00025540895308196756
8.570046661477432e-05
0.00016433847009990593
0.00038869068439355194
-0.0001321114743939176
1.0025337111487908e-06
-0.00028733681230698477
-0.0011139025968441634
-5.164370762469824e-05
0.0004519855697426536
0.00043046943344311793
0.00033148629658067476
9.8476006436071e-05
0.000320447179811896
0.00015221071948378639
0.00019648102767443287
0.0001434707294347942
0.00037331488131064385
0.0003680522550973613
0.0005212906842644902
0.0002988678323115688
7.036752994942206e-05
-0.0011386951735008859
0.00041508178929692944
-1.2538433668609603e-05
-4.195892516159643e-05
0.00025204454616842975
0.00021020027934951201
0.0005663510666732679
-0.0005283179158190143
0.0005132151429333352
-0.0005250078624705241
-0.00017861666501831622
1.849967809037454e-05
0.00011274054833577866
6.232567030772486e-05
0.0005725119220033016
0.00028300816006939075
-0.0008715471267045302
-0.0005525825069579819
-0.000194645719460455
0.00029453317841894654
0.00014223056757619337
0.00029539208465132936
-0.0007672561637677286
0.00022274384783057286
0.0004542946766531681
-0.00011306090571278852
-0.0019648053241784827
7.472224476720059e-05
-0.00012984858364456416
0.0003436307673257246
3.231946269142326e-05
0.0002493506670344303
-0.0003556328034208099
-0.00021758025809324744
0.00010702177990163533
2.341734654649435e-05
0.0005125216400507864
-0.00019998203607106725
9.238756295623769e-05
0.0003550217433590105
-0.002398230315049567
0.00014157215115626426
9.883436306830677e-05
-7.12638602151359e-05
0.0002920889678214055
0.0002522581571617738
0.0002507364514560332
-0.00010346864997218884
-0.0005210135844111519
0.0001397651662816089
-0.000672687798379651
0.00017313343069237227
9.583170593309464e-06
-0.00013397366055140523
-0.00040084663452762354
-2.4285494338537636e-05
-0.0012376209771960594
0.0004597812400213751
0.0004564432054718272
-0.0002494367767718756
6.339626950319376e-05
0.00036231833539612584
9.453246451654832e-05
0.00041268369572011363
-8.628911907092619e-05
0.00046328351226466676
0.0002906252017837297
0.00026893277123998604
-0.0058702969263367925
0.00014328456197440376
-3.6143613817238136e-05
-0.0006752118634747557
-0.00018421287443319562
8.19256951152471e-06
0.00014494780006264835
0.0004403731537986292
0.00027684287916562324
-0.00131176650042549
-0.0006127736909305964
8.61584279947637e-05
0.00031796857640467374
0.00031605077727674135
0.00044557471825769005
0.0005343928497317323
-0.0002328253046969098
-0.00019719340073376125
0.00024621164049521386
-9.026324917055229e-05
-0.0002357248124749542
0.00034504955089951
0.0002996401902108271
-6.992955074992986e-05
0.0005716911739443836
0.0004041886715528864
-1.7965912405023708e-05
-9.684326333007421e-06
0.0004910349372718531
5.31197860082112e-05
-0.00015521888318309674
-9.086352945766873e-05
-0.0002315685622092746
0.0002618452755259571
-0.00014227119041641784
0.000366796787497523
0.00010661990212584133
0.00012355839222746067
0.0003599364872578489
-0.0024805755795937454
5.895158345691936e-05
-0.00018667402359248767
-0.0001816601204572885
0.00016773213739492633
-9.735385097723117e-05
-0.0009036587503341223
5.2500705609694726e-05
-0.013645195100394273
-2.74789072391344e-05
-0.0007589350434906597
0.00022271472517162438
0.0004034138685352612
-0.0007420551368672204
-0.0001551108222047514
0.000256295549684659
-6.290634917604669e-05
-0.00025229197149975334
-0.00029940736759412486
-1.909692927591465e-05
-0.00037631982331134267
-0.0008741500561257034
-0.0005383438699858113
0.0004025072778776088
0.00025574398118664664
0.00026087666278444647
0.0003709368136757833
-0.00013933426450287744
-0.0006717260966922199
-0.0004910214027615952
-7.402073381776044e-05
-0.0012459455880785254
0.00037056171571469405
0.00020020963739988702
7.060084734126837e-05
-0.00033122083730889183
-0.00020605953174535055
-5.2082367021981824e-05
-0.0005263527207986678
0.0003056745319910409
0.0004044314044478447
0.0002750363583194136
0.000205441583753974
0.0001719700168677212
0.00023654996693112953
0.0005293274474341942
0.00020016202486209287
0.00022903499263122117
-0.00025788338666192913
-0.0005910276577958076
0.0001793198509120427
0.0004858150482683214
-5.390212910588873e-06
0.0004924241528622296
-0.0006210877349746081
-8.015754779726694e-05
6.861614101545812e-05
0.0003515893960055837
-0.00014160035288760805
-2.531160114264871e-05
-0.00026259844910807707
0.00016378617816847525
0.0003033291399343465
9.872230246451885e-06
0.0003655667276652374
2.7765132010498117e-05
-4.7484984221205764e-05
0.0002844150002825393
-0.0007090460322043518
0.00012925049548923826
0.0003167486986537558
0.0004831704397138742
0.0004567055090942754
-3.4002532842717314e-05
0.00016438970137775422
-5.1144491914107684e-05
-0.0001534183126054348
0.00015737408581847253
0.00019751973647481769
0.00013830159860969964
8.781972452887648e-05
0.00014289144704601113
-8.576397771115405e-05
-0.00025391102067026466
0.00038314898220399347
8.594730320252939e-05
9.5555273652363e-05
0.00022770052132062494
-0.0014821276273532414
-1.511340759745888e-05
-0.00028625863874702815
-0.00012126395529415764
-0.00031770266658523265
-0.0007147681784060991
-0.00010587434495515881
0.00019332751012895007
0.00015892386542001643
0.00025650953036278384
-8.717514035400063e-05
0.00014958451665948185
-0.00021235435413638205
0.00017748676203011907
0.00024286899070671098
3.0468223027449367e-06
3.635364660358369e-05
-0.0001076481041116983
0.00015343975939957779
0.0002480226336264386
-0.0004389160228959584
0.00017601400423373088
0.0003571764833116326
-0.00022538975323035162
-0.00019613215120608656
-0.00010862149760424634
0.0001628929332884748
0.00042464523205421956
-0.0002009448235477173
0.0002537802724467231
0.0002903484746660605
-0.0014585596444236406
0.0003579710064941525
-0.00024637240040953465
0.0001309419797817863
0.0003899192315234712
1.6047007399148504e-05
0.0003787121428459674
0.00020966511755801583
0.0005554483611720474
-0.00020229314279111203
-0.009917578200779426
0.00018911980504060754
0.000435850924405887
-7.244700438208322e-05
0.00010695596955579591
-0.00012553246178519773
0.0002325007418911262
-8.958821875074625e-05
-0.0010039183062930796
0.0001428104393500365
-0.0009124754117097939
-0.0015530727581841751
-0.0004016394065677019
-0.00022086263028077305
-0.000234244947925073
0.00010845293601641033
0.00039617360310451695
0.0007120246209894093
0.00014704950854825007
0.00046616313539919323
0.0003313466932995436
0.000145169418424589
6.124684171732137e-05
0.0002945664701904197
-0.00019716167290950628
-0.00011837057538081327
0.00036995378565742775
-0.00012898220113770123
0.00017127996011703442
-0.0005067042955625684
0.0001311497555454137
-0.0004838106436642591
4.551972836482136e-05
0.00035876054422687994
-0.00016185349358294643
0.00025216586901405114
0.000298281127634325
-0.0008705277242685307
-8.595326917856309e-05
0.0001437624575568637
0.0002255127342100997
0.00012174278105280556
0.0005669979402038259
-0.0002449347660179854
-0.00023895216065449192
4.268023505827351e-05
0.000278126526766206
0.0004244933313514303
-0.00028138415156503643
-0.0010422952677416864
-6.436012421923165e-05
0.0007872517736035724
7.168811748596343e-05
0.00024388088587599355
0.000321551842305086
0.00025586793503610395
0.0005172783728673321
3.830164461486989e-05
0.0002991203622640079
0.00030246095355012623
-1.3454085020303606e-05
-0.00032151409265984666
0.0005239468911217422
0.0001499283580500464
3.20298594758316e-05
-0.00030491276571676783
0.0003246487787633513
0.00026437739267943903
0.00014843321652218468
8.758674829383107e-05
-9.01865085448374e-06
0.00013216119447965032
0.0001340233863866475
0.0003740600952566118
0.0005380075111139292
0.00021550401094500078
0.00027903884850257046
0.00015784728977775346
-9.531700646541055e-05
-0.0010884450366959884
0.00039294991657888947
0.00026151805189286324
-3.466517163216212e-05
0.0003448166033307972
0.00015728984244145727
0.0003220620937904351
0.0005482620451065967
0.0002326459774252912
0.0004947457736409177
0.0002382698783214343
-0.0001108790033583538
0.00043435014209578047
0.0005439180679851429
0.00019924766430806157
8.24616252714918e-05
-8.241105999521909e-05
-0.0002815986738148721
-7.1898663059248385e-06
0.00031054856233651444
0.00022543305689476986
-0.0003717426968553357
-0.00016754733771556673
-0.00012095690529663835
-0.00013050230326387918
0.00011625667528936362
-9.000432633081185e-05
-0.0004525236047260672
-0.0007705220595013758
-0.0008303996882214239
-3.561861876813678e-05
-0.00015822174301113737
-0.0011032036518645193
0.00030061140200608445
0.00031477715038146664
0.0002126479168412847
0.00015182475399814447
-0.0002149516600257967
-5.927601073036501e-05
-0.001323604097407473
0.00012778021738452634
-0.00016713163801543218
0.0005741705813373918
5.007328301898548e-05
-0.0011076896752995392
0.0002265656165276798
0.0004497788110029959
0.0003109309828745538
-0.0003443114603411597
-1.7798576918404184e-05
-0.00022189282406244145
0.000166462243659937
-0.0005564305403254928
-0.000636513384092133
0.0005130416044521249
0.00040652320602537883
0.0007043018682309557
-7.502204875242517e-05
-0.00024728624623990807
-0.0036317943150946438
-0.0007169535740277459
-3.0208551528103155e-05
0.00012953391090370458
0.0005137198105464567
9.27199047891762e-05
-0.00011172850318902537
0.0005042480895544291
4.489730259678128e-05
-0.00037908511486865596
0.00025101992372068404
-0.00013555484831436016
-9.396963613512733e-05
4.0118135425070014e-05
0.00014544460732844163
-0.0007351463767820553
0.00043316540843589405
-0.000539295626175703
0.0002185341942006742
0.0003866601290131126
-9.06207159246575e-05
0.00028981296901470135
-4.5782135265353975e-05
-0.00016246707169639645
-2.7262879096598587e-05
0.00022485079900976966
-0.000986458733955062
-0.004020533032606862
-0.0022473807051318745
8.083325132988715e-05
-0.00011549602868592568
0.0004065553594067183
-0.00046309501265837365
8.57897561824545e-05
8.456371593597046e-05
0.0006568562943617656
0.00015616177871007706
0.00020918358290468485
-0.0019480742689749657
-3.129109309262299e-05
0.00016208534034067482
-0.0011964144751434884
-0.0012755312895880806
3.345002638965438e-05
0.00010035859452783147
-0.00017571137688737
-0.0006012881607093442
-0.0002864687317432273
0.00018315942305008196
0.0004408088975519758
0.0002891191219865366
-7.390638699991884e-05
-0.0009339028823190133
0.00022748829638372564
0.0006210589272113865
6.979742131396529e-05
-0.00031181834323985863
0.00019032286920427
0.0002784197982030729
-0.0005652016349427269
-0.00018150169212464436
0.00025441512387494055
0.0005276329483311569
0.00033227809019539475
-0.0003601385866582078
-0.001970416928272057
0.00047987755545608323
-8.023817838947965e-05
0.0005094697793236528
0.00024055818159619954
-0.00016442235809938256
0.00022333936151104248
-0.0001360962086336887
-0.00036831288632555666
-0.0005243339052672766
-0.0012094540545052003
0.0002926209478598737
-0.0009397617779365458
0.0004933497169920079
0.00025795768022503706
0.00027513243748778345
-0.0001238801422829939
0.00025022830745372623
0.0003771908548004674
-0.00047771857803877637
-0.002218890358050984
0.00019256848554806235
-0.0003101711919985238
0.0004518260848135168
0.0001700542638664533
0.00013129235404179168
-0.00043450109206148333
3.80818304702104e-05
0.0003324249713397802
-0.00015946252340278923
0.0002342898267535204
2.0047692830125688e-05
0.00011790392668036248
0.0004929713654335071
0.0006643132086615011
-0.0004227276485753677
6.94320895379878e-05
-0.00015620582508515867
7.307398930558982e-05
0.00012864758984125813
0.000182327214155005
1.0558153180295247e-05
-0.0018147250941431758
2.312876439354065e-05
0.0003749573193321035
0.0006164182048102526
-0.0001736672330937023
0.00023336666359231675
-0.00020586628860448216
-0.0002762346388822258
0.000587129214355632
-0.00029314511299560183
-0.00023969309613471637
0.0002872027263604775
0.0004779868180682371
0.00019681232486992863
-9.0475828746961e-05
3.245810891798392e-05
-0.00010939990161713538
-8.33846244930384e-05
0.00023853627057665474
8.100391245412771e-05
-0.00039240414417637993
0.0003272022618612301
-0.00020353671559098906
8.465592291053602e-05
-0.0003369021897630071
-0.0006651432472821778
-0.00023909303300884678
0.00016238699688254823
0.0003906301003342667
-0.0011437623534040695
0.00023505956689071528
0.00012689055192282027
-5.9228129089827704e-05
0.000155735721704152
0.00022642860578775403
-0.0006532114764922449
0.00020366629857937357
0.00044662183475891674
6.110994137463086e-05
0.00031411068940894685
-0.00030671076284353343
0.0001916356554463641
-0.0048640409525653435
1.1346639016630486e-05
9.716542418953107e-05
-0.00118228145875165
-0.00040256959540767897
0.00032861367941310087
-0.00030424695970638894
0.00047828273858675286
-0.0009127279306428361
-0.000676709092156114
0.0003759057726845152
-0.0015216219350965656
0.0003513071811260492
0.0005163451023037791
0.00026636811901407595
0.0002757328581807521
-0.0005164412894676791
0.0004024331588689742
-0.00026467818508909224
0.00023181759015938072
0.00021577119288103774
0.00011046363361786372
-6.122354581997028e-05
0.0001663777264889445
-0.0006994550946877848
0.00036099903981937336
-0.0004113629002538828
1.7948307539591014e-05
-9.423906528961015e-05
0.00015875994761543942
-0.00014127814855987954
0.0002558163748607716
0.00015077219502699079
9.462218351605255e-05
5.1600285595518975e-06
0.00028282821544166705
0.00038548679683018526
7.863759066648896e-05
4.433003458289769e-05
3.234478890796016e-05
0.00041522591342901225
-0.0004132420356906982
-0.000686836012073144
-0.0008477631481803522
0.00024418768021672245
0.00013964272688436413
2.810458694335354e-05
-0.00010346527679902967
0.00017526138308351122
0.00048697189722407406
0.000341319283382398
0.00020486993854449475
0.0001930808671261655
-0.00021052556747382074
-0.0006857945506242748
0.0004378559925482692
0.00013074834434175542
0.0004402309366311356
-0.000261073402529215
0.00028208681653845043
0.00047764908276642817
-0.0002721600021225887
-0.0001414696346676435
0.0001439812752732433
0.00038151153520670563
0.0003804835755145254
0.00047811640562740504
-0.003003933553353917
0.00019013270547705446
0.000480439625357724
0.0001852856702421325
0.00014056414289296965
-0.0006258856387630104
-0.0006500787283051704
8.667380373631362e-05
0.0004761733978629362
0.00010681189203222871
0.00015948967381318533
-0.0008949052269378541
-0.000243826974611688
-0.0001603299882347536
-5.490288723923359e-05
-0.0008132217044736406
-0.00020045703366171808
0.00019961293805938353
0.00035818478490818353
0.0002078284583426904
0.0005942149490631483
-0.00010073037878033947
-0.00044409143281969694
0.0002593740771465212
1.4431892576147784e-05
-0.0007339857166910993
-4.097807307046252e-05
0.0001809332150375644
-0.00021480237294498047
-0.00011926299585707486
4.6882253527286e-05
0.0005218457934816525
0.0004917272880045964
-0.0025160170518726665
0.000243131085643464
-0.0008653363708802063
0.0006492956045506079
0.00038012369641069203
0.0001894316404171407
-5.973170246520329e-05
-0.0004822696691885674
-6.668917196328339e-05
-0.00034650229679187184
0.0003976288457223095
0.0005811292922763531
0.0004541011648059968
-0.0002546141094633422
6.63046058073748e-05
-0.0006208912254412273
0.0006810980010819138
9.72875966705074e-05
0.00027138326527624925
0.00040142028686888085
0.00028782212936726085
0.00015454418204606315
-0.0002698717685377264
-0.006314468280601381
-0.00018785124329057096
-0.0008138475639347996
0.00021838774901998092
-0.0011579648829730348
-0.0012613328674610054
0.00025665499240109407
0.0006702344687747034
0.00016869298872486293
8.510448845056097e-05
0.0002009549387848736
-0.00046067978109665846
-0.0005144525317634975
0.00032627441955414635
0.00028557822185091056
7.059404398207961e-05
-0.00010073723465706748
-2.079690788361381e-05
0.0004360140999637366
0.000571777770505389
-8.770010543913682e-05
0.00028685565573329116
0.00027212087387760503
-0.00018669842994172158
3.6783325606259216e-05
-0.0006335854855949201
0.00034078671063320976
0.0001329618783778276
0.0003672540590531718
-0.0002857554112540609
0.0003496728959492268
-7.197664602976122e-05
-0.0008677018921958818
-0.00040547375956024104
-0.00018580331818194524
0.0002875159542376057
4.78357693716214e-05
0.0002919709242175635
2.3962370743239628e-05
0.00012574656063246784
8.775419452881034e-05
-1.2281431255462547e-05
-0.0005205877342544506
0.00046770328929598596
7.511328648321044e-05
0.0003876766595881485
6.943200829898095e-05
-0.0005586607235048653
5.911441759885081e-05
-0.00033624241086183105
0.00028166219244335944
-3.7769144531319635e-06
-0.0002628441514920178
4.453081266617411e-05
0.0002348170464126507
0.00044364215629986347
6.123484419373798e-05
0.0002697289120117497
0.000415063893119601
-0.0007911115253379314
0.00028487030438346044
0.00012865298239567188
0.0003330187159785758
-0.00012045119680079619
-0.00026325086133815117
0.00016884015202243171
-0.00010854543110883121
-0.0011135472213535291
-0.0001401758670761158
0.00040144956637533185
0.0002488622580421059
0.00016904790050871948
1.803343030071133e-05
-0.0005979970256737358
0.00040913388946383164
0.0004242255519566975
-0.0001671559407155605
5.044795964517654e-05
0.00019018163914792007
-0.0015813682386229438
-7.757310223354644e-05
0.00010313513265951123
0.0008403772378324515
0.0002097689473620748
-0.0001921311722072485
-0.0002939309314978721
0.00012766491671520956
-0.0027538919182624826
0.00011523629433355379
0.00024930481446720846
-0.00016609973496482658
-0.000785235580328578
3.198531813090831e-05
0.0001931569072541302
-0.0005599546961552415
-0.00061990959674715
-0.0002031827192893625
3.918222933183192e-05
0.000396063750250043
-0.000471313485212314
-0.00015843961060613607
0.00025836166646972926
0.00026151365474229874
0.00017983452588679966
-3.611301357397286e-05
0.0002351926865773643
0.00030457224864003854
0.00018187166850543784
0.0003177888424881364
0.0006434104040030488
0.0003242380623315084
-0.00021241990532578216
0.00015394867358725425
8.728596301162773e-06
0.00029322400279509144
6.33653069900026e-05
-0.0002963851717096008
-0.0005605875950552726
-0.000152356622556123
0.00034297526119897253
0.00020233252531749195
-0.00041142000352335925
-0.00012054666495789766
0.00026123509967487595
-2.2158078219141437e-06
-0.002922151369505335
0.00026524141871526774
0.0002896798152463894
0.0001256638960361036
-0.00019609639243892477
-0.00017952156434830483
0.0004457418471907071
0.0007021191849079283
0.0002934199408156778
6.74919544778036e-05
-7.897346811622634e-05
8.263439383143424e-05
-0.00035056286780093973
0.0003613044232563728
-7.814970104572008e-06
-0.0020410392532864436
2.997260525035056e-06
1.9083214322375717e-05
0.0002292342403532011
-0.002574011436873383
0.00014656585626649426
-4.6437381948472364e-05
-0.0009834278224832732
-0.00022611363404665303
-0.00023016142075614574
0.0001817266165205189
-0.00021309527972961328
4.806616299273057e-05
0.0003603785131437683
-0.00039182925171835217
-0.0005187812498820979
-0.0005424487299729281
0.00015398547079086794
-0.00036239893084540585
0.0001608598711042616
0.0001468078166565998
-0.0005275308002869781
-0.0015041107580543718
0.0005476904394706791
0.00011549894065905111
0.00042138178609739873
0.00012814570030071263
0.0001281583317138611
0.0002965248042869241
-0.0011398657851994405
0.00017858031794653763
0.0003822549885286122
0.000522718602971681
0.0001139531377172079
-0.00013189552806407804
0.00013425777004187034
-0.0004623622164668519
0.00030578021748545685
0.0008094624578722282
0.000459260915702011
-0.0024304728129299577
0.00012989660368799876
0.0004887281021477876
7.531473635177653e-05
-1.6767452039935158e-05
0.00021084919208380805
3.8036221288106925e-05
0.00028634994842903917
-0.0005639504892628412
9.51474568948102e-06
0.00035673827936540635
0.00022133431449648265
0.00018420345600822372
0.0006304717152658491
-5.556192371587281e-05
-0.00035306356307321916
0.0002708862399976421
-5.158303039524791e-05
0.0003422800616196965
-0.00024356943798172035
-0.0003546038795397075
0.00013291165830376565
-8.537034426280539e-05
-0.0005838187810687835
0.00015523722212124427
-2.49979719279245e-05
0.00041903060156801586
-0.004812104940452805
-0.0012164825700140883
-8.180275440907998e-05
0.00031091197539894865
-0.0004249728509616061
3.3990747844190875e-05
5.226905870636702e-05
-8.81239586512168e-05
0.00019546201040977128
-1.1994170699532154e-05
8.819745577404913e-05
0.0002475762452214534
0.00019098046615228338
2.4569829258866383e-05
9.708046545544273e-05
-5.174191016377169e-05
9.594888097569249e-05
0.00024929255416141703
-0.0002957253707221554
0.00013190977966894034
0.0003429215071025705
-0.0006780728706378362
0.00040256073997044304
-7.717971266632865e-05
-0.0023494033091832492
1.1416503878269445e-05
0.00012024509009069802
-0.0005333659976515226
0.00045519414513980395
9.857973540297179e-05
0.000121259895887036
0.00014539484738555102
0.00019545959217592322
0.00025586194991715695
0.0002587418380599803
-4.36357902721625e-05
0.00011513619785074523
0.0005000495383854111
0.00021159832427138645
0.00015291956910005197
-0.0002558320412485626
0.00017374659393540055
0.0005441566162142212
0.00034843845481618305
0.00045053250565253044
0.0004007579649568156
0.00042244527574661947
0.0002610133844816296
0.0003853931103839185
0.00035847890519079517
-0.0002922664095720578
-0.001004458779339367
0.000257661225803515
0.00012402179299797597
0.000438702427638103
0.0005175520465283209
0.0004110698678705303
-0.00011307293665494802
-0.0009019652502883092
0.00013415695568548864
0.0002753969104869117
-1.0046924737258629e-05
0.00018935605562287686
0.00036552212613987287
-0.00024820329722114105
-0.00026728776527258234
0.0002649986645434767
0.0002541881827285155
0.00011188878294801711
0.00019491786530011492
2.6281937913578415e-06
-0.00024321015693482326
-1.077827734662353e-05
0.00019693230336565853
-0.00015639765015779825
-0.0005485376384407688
0.0003102007454791356
-0.0007361942757224854
-0.00018865025997237263
0.0001616388031115436
6.658304699846337e-05
0.00017905495745441956
0.00012394505515953065
-0.0002947081624339738
-0.00048030980761952003
-0.0007775037852638803
0.0002561278186267891
0.00018427698959945607
0.00020216225116506952
0.00028530307332900177
-0.00039424131112621033
0.0003151437725653692
0.00020410561229384724
-0.0004921147658382756
0.0003207915328521093
0.00029864493214485754
-4.9707967152935094e-05
-9.795187676587107e-05
-0.00011221805828048
8.86149316504451e-06
0.00048454113450065465
7.818212163391018e-05
0.0001795545540661948
-0.001216657084745853
0.0006634387750746068
4.236653447444206e-05
-9.279636173492275e-05
0.0002826694547078461
-0.00027211797568124803
0.00013098449403256914
-0.00011147694743728236
0.0003690788611369001
0.00024101695331246134
0.0001408397327083835
0.0004296366728032374
5.982345627375454e-05
-0.0005124004556629515
0.0002934792947586081
-0.00017610984732830087
-8.45061481840146e-05
0.0005736693462092447
1.2487217653326884e-05
-0.00012605788018863785
0.0002448274948201776
0.00045501761450416603
-0.003744932724514509
0.00033135476901728183
0.00013684248324401314
0.00020657921625321637
-0.0007497857930184158
0.00030637773315775134
-0.0004954751257534809
0.00012061715146729601
0.0003103987257621802
-4.524798122398677e-05
-0.0005415133457413682
-0.0006449293699471822
-0.0004808511791616493
-0.00015127568321520986
7.131017478604895e-05
0.0001348697144772311
-0.00019950351085498935
6.404506068430243e-05
0.00021559888117328143
-0.0009051888702657977
0.0004287960007017192
0.00028726988290589004
0.00041613500187927146
-0.0004430262464349585
0.00045592123698869676
0.0004474598687078357
0.00037850184210030496
0.0003369759118712742
-0.0010668754690304795
0.0004178169037838491
0.0002261400360233719
-0.000876606109050157
-0.0002942493248888436
0.00025095738224414584
-0.0006613867306669441
-0.00023749554407785
-0.0004335631994994041
-0.0007197413841494179
-0.00010873774603490087
0.0004857796656757978
-0.0002568265772141304
5.832934620566954e-05
2.5639808245768615e-05
0.0003900677797112207
0.000292558992226764
-0.0009989058563028542
0.0001485537789208119
0.00018333243009753633
-0.0005910521315998021
0.0004937825711462866
-0.0022695042939450795
0.00014880436950172633
-2.3666355071928064e-06
0.0003443883386750593
0.00028889171110303366
6.60839083469922e-05
0.00012592212500680438
0.0002644884152088089
0.00010072190335940845
9.185830521624e-05
0.00013423707072109277
0.0002762452676777161
-5.326978807173677e-05
0.0005210038062501251
-0.0001267032475339296
0.0004808333189883297
-0.00012569322924688744
7.373243677938584e-05
-0.0014441826084475476
-0.0001442806150617344
0.00016699282795407127
-0.0006607468363555764
0.00026936942552734095
-0.00047927155006081523
-0.0006191834355843463
-0.00016848506807085793
0.00024424071894377166
0.00023303878476243237
-0.00045764133597426843
-0.001394595037196274
-0.00015642896429752238
0.0006055095939475246
5.08729079862439e-05
0.00040613899623697606
0.00016419239146628806
-0.0005657049221026271
0.0003039475663692218
0.00012288888497327427
0.00017228018851940256
0.00032623418420629183
0.00045181895491036453
-0.00023720002065057025
0.00025273638855846886
0.00013204386057477334
-0.0004148277058545574
0.00048452139219131606
-0.0002145929569740826
0.00014702553169780293
0.0002018085657570954
-0.0007196728729223026
-0.0024293929762177263
-0.0006161427139259614
-0.0001484984949916989
0.000254182588169394
0.0001591032409681291
-0.00021538549702188585
0.000539226946730031
0.00026662480149984184
9.537109877990151e-05
0.00017489031723125263
-0.0023121293755162383
6.151829869414745e-05
0.00038027663402921794
0.00011287277117110188
0.0004761123973313277
0.00010302761765239509
-0.00024017827799841548
0.000439996016743322
1.942730038951868e-05
0.0001486952728855827
8.462075262900339e-05
-0.0014012622394295928
0.00011387368657032515
-0.00016449141979749517
6.658626261625265e-05
0.0001824147723408378
-0.0002036534710538334
5.191305002343166e-05
-0.008507156740114492
0.00032109731917207143
0.00015673247328055475
-0.0005524786801154414
-0.0003129099714942312
0.00011181123612794724
-0.00045136043785664064
0.00016314750211925778
-4.875567009500359e-05
0.0003359345223594136
0.00011933259345069907
0.0002852845511942513
0.00022041682348318084
0.0004273656321270064
0.0002908553406015731
-4.714250163103542e-05
0.0004997491156489706
0.000536406147755515
0.00020115896543782422
0.00019333049047531707
0.00021987470586553025
0.0001003340932973784
0.00042470772402630926
-0.00016907827768872731
0.00047114544122586126
-0.00021626127499095994
0.0003541373370171089
0.00046728701095630134
-0.00013701104447797974
-0.00015369605048015482
0.00020566481838463322
0.00026993372798224423
-0.00010353792065543368
-8.22309393959072e-05
0.00035725035554483287
-0.00011636188609294749
0.0001655266938784778
-0.000507695468444257
0.00031240191303879693
4.428309364999292e-05
0.00028871780964878516
0.00033446437102913746
-0.0005330675590423023
0.0004406372250594132
0.0001356521706017562
1.3905033557876648e-05
0.0005086161399753433
0.0004746406284789641
0.0005082604340305873
0.0003231468578416667
0.00044733820668277504
0.0001583915936051751
0.00017550783831444468
0.0009223732158700033
0.00017762106446008144
0.0002574474097349724
0.00045772891997038526
0.0004654059533299586
0.0004246204254614706
-9.434508205520157e-05
0.0002640601812727088
-5.242051845019597e-05
0.0003241024431116634
0.00015290502651485398
0.0002577505309197312
0.00027722426833791635
0.000294995485383398
0.0003232413671916066
0.00045575869585196937
0.0002981420084036814
0.000296001209751845
0.0001371687971137718
0.00011424815426527575
0.0002799396892236365
0.00041314720282755677
5.663314025158102e-05
0.00010335623847881827
-0.00019633177401018787
0.00013340602463974833
0.0004582694303980491
0.0002890920537320771
0.00028825730245676123
0.0004101593265039096
0.00029923164955042935
0.0002492869400475596
0.00013042657550430835
0.0001905220562083626
0.0001595305900503664
4.56747467268366e-05
0.00016233655398669396
0.00032435036451423276
3.298507937266295e-05
7.771704107905204e-05
6.012574871432959e-05
0.0003911153981448199
0.0002455272361509935
0.0002515252417561081
0.00021958606228299419
0.0003167847655156327
0.00046464518807982983
1.6748163110452387e-05
-0.00014914809212207108
0.00031597141154975875
0.000369292928805811
0.0005562065532988853
0.00043942849853024915
0.00036623544485185166
0.00011485834365447538
-7.62115446378515e-05
0.000109366379554769
0.00011383406162386283
-0.0006255425467539166
0.00012533236197309494
2.7818003844470027e-05
-3.1799652773276783e-06
0.0003422507489001379
-0.00014320003045669447
-0.00018209617375228282
0.0004321284086475519
0.0001493427846859065
-0.00035352910348629207
-0.00046591972057685927
0.0004077484958756721
6.66683784228236e-05
0.00011822853523124899
-0.0010181509691392927
9.799211470058747e-05
9.172570624230565e-06
1.0633640682820915e-05
-0.00018153528922681722
0.0002883319518393415
-0.00025009989076255046
-0.0001878561638725025
0.00046004043002192496
0.0001194992150931611
0.000562668296054105
0.00028497707545787764
0.0003278394594337539
0.00015473821219731345
3.464317325140679e-05
-0.00019097366946652097
0.00014096017564734268
0.00011229040870385151
-0.00010560452124215645
0.0001566908594331282
4.0969392316015144e-05
-0.00040171116352064723
0.0002698866019119694
0.0002351630493739055
0.0005016947189194788
0.0003568986264014343
0.00032384597307764387
0.0004815784972012413
0.0004937451448575461
0.0003371561749094955
0.0005622309720475918
0.00020562241582168568
0.00047236404648055223
0.00028875099212250264
0.0003939820484903377
0.00027650665214131094
0.00014335747472653745
0.00020603898362116666
-4.395613364721387e-05
-6.254029849557885e-05
1.8298629489083614e-06
0.00014006499968492023
0.00036090238223354345
-0.00033593382476998404
0.0002023529654622585
-0.00015819784918915666
-0.000367319605865146
8.865610706241373e-06
0.00011858830256677888
-2.1263409516849267e-05
7.317745065292585e-05
0.0003285472032819428
-3.476352053637864e-05
0.0003921721074078283
0.0002446572437199851
0.0004067074596083886
0.00013101929107692554
0.0001567115659867511
-0.0002571835253390078
0.0002482920954365991
0.00030914258368837144
5.470603394976657e-06
0.00037343754645016735
0.00042293977911973314
-7.542272111622913e-05
0.000202436334922007
0.0002441138554266441
0.0002094008933089421
0.00023084129883148914
0.0006708488833970136
0.0004165256637919582
0.00047045341294660087
0.00033971212167966357
0.00030085404209990226
0.00018124165024010707
0.00011202349217956642
0.0003242338294885578
0.000421277384907209
0.00012601150750105017
0.00044657413436177175
1.8228736452387045e-05
-0.00024267839322830145
0.0004741563749190565
0.00016434357050755478
0.00016504653261216327
0.00023361375029600542
0.0006079451584763006
-8.544394425961181e-05
2.047848226498442e-05
7.01461901682984e-05
0.00036921492365969943
0.0003254058006651624
0.0004804204970436436
0.0003620683742384834
0.00029778957404358666
-6.24766253881131e-05
3.952817979068331e-05
0.00030896510359946746
0.0002568631411284175
-0.0001323083985634658
0.00029337241156935935
-0.00029235650825081526
-0.0007345036973915773
4.040221482165784e-05
0.00011853601804161306
0.00022177580042043245
0.00022458497505089598
0.0002643737035869685
0.0003021227613034019
0.0003974999682513388
0.00018831741734416015
0.0003525525616108066
-0.0002323821206476512
0.000373595071562417
0.00021952618797172846
0.0004632182661876131
0.0006616110917349774
0.0005046163242352304
0.0003695528988421307
0.0004910519639470187
0.0006033031015641276
-0.00016231604077570158
9.092218321054978e-05
0.0001979844493928103
0.0003451207816887231
0.0002441425081161819
0.0003168008445240596
1.8559597210352104e-05
-6.528055896396672e-07
0.00019214667775935653
-6.116220594129179e-05
-4.6428300996431904e-05
0.0001719562016897734
0.0002857295297013458
0.00013711243685356
-0.0007636510084647465
4.8548522920989614e-05
0.0004667822190195579
0.00013341893452939788
0.00036969858589762665
0.00010898240734658158
0.0003045952464102394
-3.798347034279708e-05
0.0002781870127679161
-0.0002472988590292987
0.00021987225958750915
0.0004031906253027696
0.0005684987061952777
0.0005905050533367396
0.0006974631077577161
-7.94902371129889e-05
0.000352371301414249
-0.00012210783393938347
0.00022341671825963738
0.00011344574030822233
0.00011912327004797613
0.00031904541984489865
0.0004965438203975456
0.0003186072727349008
0.00012782935935874094
-0.0001335868873927203
0.00048608034694578976
0.00020270859258057647
0.0002455294789859459
-8.832937059070867e-07
0.0005123954660846916
0.0003361499951898703
0.0001944870303537624
0.00021643881126226044
0.0002185821166643077
-0.00013311747972697056
-0.0007365263101163188
8.792788670156353e-05
0.00027232778180738483
-9.938710145085145e-05
0.0002626924304293424
0.0001815725670341086
8.051829880774126e-05
0.00028564392886890863
0.00019298800433322315
-0.0008137932072335556
-0.0003561403721285327
-0.0002673431728400505
-0.00011908611021914383
0.00022748768066543839
-2.545544124173051e-05
-8.913306406675906e-05
0.00030615771050849355
0.00023567385652690815
0.00038063785701367516
-0.00048212002584618863
0.0003665477086520544
-0.00012311052693069543
0.0003353183726386765
0.0001728965572903281
-0.0001748390347264762
0.0003108223165919778
0.00027373433014298227
0.00026121549384632063
0.00045109158780874106
0.00026438402790078937
0.00019693382400399779
0.0002871450477956117
0.00033181916287143196
0.0004349945781623954
0.00033492305937196534
-0.0003120157804012037
-4.4807822726285814e-05
0.00030069044177595273
0.00026947067808865647
3.167104534723256e-05
0.00018219161800431702
0.0001292954122244959
-0.0006497724475568905
0.0003002344298328472
-0.0009905928816867056
0.00028708743927388094
0.00010146374633639008
0.000345547779165113
2.9402656006391584e-05
0.0005440496217259092
0.00010285933314690035
0.00021471049599127985
9.75852093207207e-05
0.00012173412416855578
0.0003024460736953047
0.00036500382944339334
8.579995027368511e-05
0.0002482433559286168
-6.679761916798832e-05
-0.0003562521467163427
0.00014370501371221324
0.00013138650372229623
0.00015196826807088303
-0.00019322566610256232
8.615095677290402e-05
0.0003777106318486955
-0.0003802260802886014
0.0003418891749996221
0.00022086947500910264
0.00035466130916642557
0.0001648918460259703
-0.0006685317847007718
0.000387482313745236
0.00017130630971267237
0.0002581103005347109
-0.00022144161781894852
-0.0006684858798062074
-0.0003047053475600146
-0.00011350497306487545
0.00019763073115958125
-0.00012428574661687205
0.000410110378746154
-0.0009266295765693443
-0.0009577508908241834
0.000503923002666574
0.000275420894410325
0.00039262379016275607
0.0003204457908564139
0.0003106003421488997
0.0002596248205539389
2.672433361656322e-05
6.32823279078057e-05
-0.0002711862145569523
0.0003841206359793408
0.00035082572723448653
-0.0003314649784650567
0.00012776755407366847
-7.328522190315107e-05
0.00023641604233193172
8.033374217666056e-05
4.249608311360546e-06
0.00037861481360559554
0.0002658268109723025
-0.0003039643596158097
3.6198496033351283e-05
0.00014071842781581412
-0.0006826278653055403
0.00012823030206788152
-2.2179025428142575e-05
-0.00012286583678417282
-4.0003392263528994e-05
-0.00015788147934425585
0.00025165831129305804
7.974581544924512e-05
0.00010358726031969959
9.451741048885417e-05
9.624561368754194e-05
-0.0003439624873661023
0.0002098382813432499
0.00032853565651917065
0.00017699759271732062
0.0001979480265260051
0.0002707396079609654
-2.535848993707489e-05
0.0003931764734586714
0.00031886215781036536
0.00018755946778984498
-0.00017937897938258293
-0.00011512331132872646
0.00041022371211796874
0.0002572455465901572
-0.0001538837466490929
0.000241172621092547
-5.4181582118637434e-05
0.0003723218766663178
0.0001448615270279126
-0.00017514512006084243
-0.0009633976331617443
-0.0014999670756448283
-0.0005944193145481885
-0.0016803511174539312
-0.0013397541527202278
-0.0015564548791704585
0.00019550939580983387
0.0003482448485654054
0.0004616575898965684
0.0001824285958797756
-0.00010689211919659398
-0.0005812449187797396
0.00040471711261416644
0.0005428280850414881
-0.0006053346594292297
-0.0008452867597356745
-6.0069087065588893e-05
-0.001231328833621795
-0.0007826754694368573
0.00024112338113414946
-3.0796693843882395e-05
-0.00031932300678265575
-0.00017138841341327951
0.0003180124571512227
-0.0007498378950410203
0.00042609185944604945
-0.0011374713397214486
0.0001130346622260526
0.00015231447631369304
0.0003108645195867223
0.00024573651153342183
0.0004075927421452729
0.00039000780389475485
0.00011577908453602682
0.00027430792852376666
-0.0003466410033725279
0.00017157459539763736
0.00018136349182646655
0.00017311635975458638
-0.00011604681722668283
-0.00024255904943826416
0.00031505105086495537
-0.0005055924168975745
0.00017595751010331107
-4.421541902411728e-05
0.00010847665623819045
-0.0002623310697076062
-0.00030546186705089287
0.00012104926110072093
-0.003028635817210552
-0.00202002859501406
0.00011779710575950228
-0.00014958968968698324
-0.0009547197739688267
0.0004123856704140183
0.00020038704880768216
9.125806870422798e-05
0.0001626143351362608
0.00023743472403706638
0.00046106423798611255
0.0001984959019390205
0.00024678149869908914
0.0001951418712906513
0.0001872907336895544
0.00013788480876037506
0.00044939898446996946
-0.0002449341150086609
-0.0002693432617605986
6.352416419016285e-05
-4.035706229168541e-05
0.00030539024441022605
-9.209289334305076e-05
-0.0009325319024908563
0.00025785085713607713
0.00013268441615486002
0.0001696716268567525
0.00035397444049028423
0.0001725637691638317
0.00010343742502103916
0.00021347162548555443
-0.0008441313969411806
-0.00017029877229556746
-0.00047030469792086547
-0.0010020086542850174
0.00016548880262972143
-0.0003513973464175127
-0.0002170340399028788
0.0004489658404265195
-0.0003749815393842087
-0.00013831283818244847
-1.7214899023508133e-05
-9.692831952789614e-05
-0.00030095714367333595
0.00013219387593499084
-0.006053981963206157
0.0004258323564882571
0.00016049509869651502
0.00013744477449163236
0.00047771513229214336
0.00046562920728174294
0.00023003686357230823
0.0003721216446425207
0.00031544804090759455
0.00017331406433118108
0.00019396958083297492
-7.186478966042539e-05
0.00015959254821804194
0.00047703625513709273
-0.0001723021468144816
0.0002917706500016193
-0.004980546929495736
0.00040113699427124353
0.00040623729180161883
0.00020806752259829115
0.00047072131418536534
0.0007778136297421082
0.00012964527337947299
-0.00019568721847212637
-0.00042675981886867266
5.0485478423354605e-05
-0.00031081315164871497
-0.00029271237247438254
-0.00021019915918739474
2.2555385002886102e-05
8.803658443954387e-05
0.0001070310136939959
-0.0006511849024527128
-5.133092418677749e-05
-8.415713647108954e-05
-0.00031687548579653016
-2.8627413411465362e-05
-0.00041579881260003836
0.0003071017921101669
8.76059873747831e-05
-0.0008396939823859337
-0.0003696286211784943
-0.0003490943375664561
0.0002959050661042142
9.756517252063635e-05
6.477701854736413e-05
9.7081890599454e-05
2.254689556167611e-05
8.457414146955842e-07
7.575509501338244e-05
5.632294967371714e-05
0.00028023697172786663
-1.894411298758759e-05
0.0003760972343764172
0.0013455712408294545
0.00014276153939423065
0.0005220800838861908
0.0004029399466267564
0.0005639445155335755
0.000577306108089614
-0.0003664569240093233
0.00027838065677929344
0.0005054532093292062
6.50238353425827e-05
-7.428137170035942e-05
-0.0002900140406679469
0.000348802352782838
2.194989370200505e-05
7.32095059367679e-06
-0.0004686333372912755
-0.00033785026752169056
0.0003045538802242114
0.0003213314325208985
0.000328872832042321
0.00010826055152371266
8.564544817788583e-05
0.0001350455400008088
0.000418347000823899
-0.00030808772158296067
0.0003909573363030318
4.423637197135586e-05
0.00048249963257721116
0.00011472434147348243
0.0002026144518799863
0.0003152402559305302
-0.0004871600277868914
5.465091443539343e-05
-8.727296059982348e-05
-0.0006498834291114911
0.00016459900451358514
-5.0862042594737784e-05
0.0002775162461692585
0.0002762637759741409
0.00017250926111246284
0.00025137206120138286
0.0003758148114633857
0.00024284895146828772
-0.00024124367013318368
-0.00010733875920269199
0.00014725402329197182
-1.7931979371617714e-05
0.0001048511103217128
-7.75726812680089e-05
0.0004048839255461608
0.00016793937369014885
-0.0001353324446259683
9.176623792074944e-05
1.4131463541010796e-05
1.2512464619710521e-05
-0.000247710323771819
-0.0006524565242868661
-7.596479905385003e-06
3.2367583790736886e-05
-9.223894628725257e-06
0.0007949216192718684
0.0005010426763779002
0.0004730271931286341
5.936471570065991e-05
-0.00027126584404174543
0.00021980758647661248
6.581951181116776e-05
0.0004232327174970529
0.000441249276853596
-0.00023580540754652404
4.023118929014367e-06
0.0001507331568220142
-2.4873082816645486e-05
0.000173371674674746
0.00019908936010156513
0.00017883093787615098
0.0002630522349607998
0.00027279141405594734
-0.00011781840142875179
0.0003448477471366641
-7.110500536185505e-05
0.00040625225176993906
0.00028963499354785644
0.0006447438542207289
8.171172454815847e-05
0.0004220656590294754
0.00023686377727142891
-0.000730299697006309
0.0002736979769681726
0.00020853981798936493
0.00019732586389626763
-0.00031921600491720243
0.0002957631869697952
0.000258001592301909
-4.997737249620395e-05
-1.0179305355275596e-05
0.0003023690330611542
5.875035304842355e-05
-3.393315317413141e-05
-0.0005518234014708373
-0.0017111205860435605
0.00017199019127065186
-0.0001362626835220469
4.8000470788339195e-05
0.00019625252667409258
-0.00027698925716655644
-0.00022544854928224886
-7.969722284719693e-05
-0.0001013248300793943
-8.30855654254053e-05
-1.6607128955668e-05
-9.157968479918825e-05
0.0002436622866797972
2.0554476536899046e-05
-0.00039361113052264075
8.812191945259619e-05
0.0002841910732610705
0.0001756831866988353
0.00022330146037132295
2.9827623167754796e-05
0.0002679512510413514
7.45345613193087e-05
0.0002922101291253585
0.00019029448970817777
0.00033581665040289263
0.0003783038412291371
-0.00021692952918520272
0.00017644828182735583
0.00027114633025792463
0.00018104259561426398
-0.0001646861010400596
0.00013901007762928027
0.00019141585408566489
-3.6462019939218046e-07
-0.00040287591306282003
0.00033310897680597056
-0.0005166910540866593
0.00013138184548862504
-0.0013624987044663917
-0.0017861603171391062
-0.00011441871587702885
-0.0006772295822242544
-0.0003635700951572061
-0.00032853099367246424
4.075660900563363e-05
1.6027393380464705e-05
7.433064381744563e-05
0.00026337468184366045
-7.023836277259129e-06
0.0001234278785997251
0.00029992166054157313
0.0004436981169264262
0.0002577336392103986
0.00013031681621663847
0.00021307689954405367
-0.0004727293350898653
-0.0016171202699403137
-0.00042450781624779285
-0.002052564070345933
-0.0016413467399420739
-0.00086351811417125
-0.0009532699173184069
0.00021935146763893117
0.0005338871664764789
-0.0005234890294654456
4.606823797639103e-05
0.000208087743634555
8.510611606346981e-05
3.5789825904099294e-05
-0.00018784204992164187
-0.00015450753864465453
0.0003061613990850258
0.00046190597212224097
0.0004971010128350798
4.560371293894531e-05
0.0002349559901716221
0.00022590787829655218
-0.0012664725851625628
0.0004129540334040535
0.0001328216335664777
0.00021195372965754616
5.002055355273567e-05
0.00040092568877212533
0.0002568490783946737
-2.14628571457526e-05
0.0002710644075482046
-0.00014158275098376393
-0.0011660300431556303
1.811392440283368e-05
-0.002776873409575867
-0.00027352125293368424
-1.4388278431283968e-05
0.0003014656633653802
6.0490002618953826e-05
0.0003149434037354714
-1.2138569869765388e-05
0.00012712329347312117
0.0002634452705743052
0.00040979597918128934
7.988921375854791e-05
0.00042882408933851576
-0.0007709815879548777
-0.0005589893639196365
0.00038220190043690606
5.8178064093326205e-05
-0.00029022181184618236
-6.597349521879868e-06
-0.0007808523235283098
-0.00026270278191207997
0.00021462200220197415
0.00012133376640462387
-0.0012859353277403555
6.357898315528375e-05
-0.0002705591755656051
-0.00048372708006217324
0.0003220168337600197
0.0001632842864777054
-0.00040933043411113274
2.044218946683303e-05
-5.667306133574302e-05
4.7348309369051516e-05
-0.0002189024282563649
0.000264912772580486
6.0085467346709094e-05
0.0004277744253995988
5.322833204331743e-06
0.0001187174358410542
-5.259011761808111e-05
-0.0007872768667169775
-0.0001059867956674922
-0.0026659647282390973
0.00016551149528734095
-0.00014318647663600265
-1.0075828601712622e-05
7.67317572925189e-05
0.00038993962453842223
0.00041492307110649806
-8.131837399385334e-05
-0.00010940012669365817
0.00026811757991611037
-0.00032151248739396555
-0.0008762640699518486
0.00011918812606521579
0.00021173276770056768
-0.0002799177719685716
-0.0009384913628953395
0.0003575018773922373
0.0002356220262369704
0.00023140962144871298
-0.0003038505463926885
-8.531866366907431e-06
0.00025014127503508087
-0.00047296609571362725
3.1192529145804114e-05
-0.00228271794440296
0.00037131968072814177
-0.0003072829972321701
-0.003806363358338202
4.555391387265622e-05
-0.0003604575446840045
-0.00025702064956993083
0.00014882441613516627
-4.710693715239051e-05
0.0002959785908875708
-2.5750303913517564e-05
-0.0015949836698774579
-4.5703157136352235e-05
-0.002102851357142352
-0.0015102037670677785
-0.0010626617173299373
-0.00019135407130371003
-0.00018939232621595397
-0.0014623650398983006
-0.0002489537058884296
-0.00013004386409844055
7.01149525904344e-05
4.097009365042252e-05
0.00016367236060497724
0.00011338538063814874
0.00023487286820318703
-0.00016084065869248075
7.50423617915176e-05
-0.00045165108031914783
-0.0001339093967138492
0.00026283825309910373
0.0001444846272243611
0.00037888588621962473
-0.0001829853625581052
3.612816599463995e-05
-0.0004355608966556912
-0.0008111043499795727
-0.00010757381880510111
-2.051146352044126e-05
-0.001224711875755695
-0.0007365483948454626
-0.0007169983179908669
-0.0002623037995731658
-0.0001164944857684627
9.709782058184528e-05
8.96312427757604e-05
7.855076203459036e-05
-0.0004052483012817955
-0.0004383247667506711
0.0006092449430195898
0.00048653972178951674
-0.0006528981495643545
0.00011799708539634611
0.00033125893595754407
0.0001666551336319803
-0.0001366452123038925
-0.00041009873836056883
-0.0028558021152435245
-0.00013331737375199635
0.0002244172675084533
-0.0007768266113658266
-0.00030879682212397595
-2.9755168958212888e-05
0.00016298971806114545
0.0002224504486117753
-0.000385266028055459
0.0001334085681694007
-1.1209935781660013e-05
-0.00025547849528808654
-7.461850730409764e-05
-0.00030441546566452733
0.0001933431021154839
1.2281113043481205e-05
-0.0002702196246392503
-0.001108193587065566
0.00017927113185933278
-0.0005701809665788584
-0.001026809897606629
0.0003130345157411411
-0.000583744776582234
-0.00013737668781327886
-0.0001974743907406744
6.242534350321346e-05
-0.0003456855819988112
0.00013862556288309937
0.00021284257066742733
-0.0008423426216326261
-0.0008175853935938507
-0.00023861550253758454
-0.0002536556996031641
0.00041238207239195656
3.5902232461884414e-05
-0.004367466243848482
-0.0036001826372662254
-0.00023530873424872564
0.0003655100390939529
0.00010403219206156307
-6.295006745421342e-05
-0.0003876361679811596
-0.0026905501176030175
-0.0031218214057886304
-0.002893830412665857
-0.0005435520843879327
-0.0023043875465790973
-6.703246153223595e-05
-0.0023061688529125764
-0.0002704451253311927
-0.004549854543633241
-0.0001040475412431544
7.629999621178133e-05
-0.0002681925417639107
-0.00029350729872165904
4.617540488330952e-05
-0.000331066071885214
0.0004761867758603756
-0.00018215750441412544
0.00022947952814651658
0.0002206946202068866
0.0005697561326498907
0.00010498699868833445
0.00016634923267970134
-0.00022072623591865652
-0.0006392464226975547
-0.0001549323971669624
-0.0001695340595826382
0.00020598109786398232
0.00021293894898157488
-0.0006289546278022264
0.00026394331607061417
-0.0013490552336263314
3.545693145175086e-05
-0.0021515408442056064
-0.0005103376034900889
-3.7382217762882246e-05
-0.0030514028934224818
-0.001484784602541998
-0.002689069251557638
6.774579713337482e-05
-0.004462824067569936
-0.002148557754044061
-0.0014718502602920841
5.289172525924599e-05
0.0001239195413099889
-0.0002678725877889451
0.000519394207563687
0.0004181952033487022
0.00052634316608365
6.891035183325935e-05
-0.00014016072099568634
-3.830516897055175e-05
-0.0006565128627734436
0.00020816681817373064
0.00018288960708192435
2.0272849167816628e-05
-0.0006657461866826689
0.0005005150864790774
-6.120561203307938e-05
0.0002478200491000101
0.000274193261571386
-0.00014042522420014726
-0.0006281059765053484
-0.000537435894831044
-0.0010564263342357069
7.435585096166579e-05
-0.0022078762923223878
-0.00033942387019086033
-0.002077215907517243
-0.0009129460088228401
-0.00043847212696445384
-0.0011960940856823065
-0.0010771455193044933
-0.0032762218734536776
-0.0010167499600840135
-0.0006568885593339929
-0.0013795667695327563
-0.0003335855024094563
3.677699393450114e-05
-0.001349943179926171
-0.001221323768912281
-0.005624947116410957
-0.000630111750150019
-0.0003736430632865678
